Name,Embarked
"Icard, Miss. Amelie",S
"Stone, Mrs. George Nelson (Martha Evelyn)",S
,
,
,
,
,
,
,
,
,
,
,
,
,
,
,
,
,
,
,
,
,
,
,
,
,
,
,
,
,
,
,
,
,
,
,
,
,
,
,
,
,
,
,
,
,
,
,
,
,
,
,
,
,
,
,
,
,
,
,
,
,
,
,
,
,
,
,
,
,
,
,
,
,
,
,
,
,
,
,
,
,
,
,
,
,
,
,
,
,
,
,
,
,
,
,
,
,
,
,
,
,
,
,
,
,
,
,
,
,
,
,
,
,
,
,
,
,
,
,
,
,
,
,
,
,
,
,
,
,
,
,
,
,
,
,
,
,
,
,
,
,
,
,
,
,
,
,
,
,
,
,
,
,
,
,
,
,
,
,
,
,
,
,
,
,
,
,
,
,
,
,
,
,
,
,
,
,
,
,
,
,
,
,
,
,
,
,
,
,
,
,
,
,
,
,
,
,
,
,
,
,
,
,
,
,
,
,
,
,
,
,
,
,
,
,
,
,
,
,
,
,
,
,
,
,
,
,
"Mahon, Mr. John",Q
"Lyntakoff, Mr. Stanko",S
"Chisholm, Mr. Roderick Robert Crispin",C
"Warren, Mr. Charles William",S
"Howard, Miss. May Elizabeth",
"Fox, Mr. Patrick",
"Lennon, Miss. Mary",
"Saade, Mr. Jean Nassr",
"Fleming, Miss. Honora",
"Franklin, Mr. Charles (Charles Fardon)",